2doctor,dialogue
https://drlixuebin.haodf.com,"['现在的心电图是窦速，正常的，和紧张，活动等都有关系，和十多年前的结核性腹膜炎，没有关系。是的，正常人都会这样，晚上迷走兴奋，心率慢，白天交感兴奋，心率快。需要查一下有没有贫血，甲亢这些继发原因，症状明显可以尝试使用β受体阻断剂缓解症状。看你的缓解情况，有可能吃一段时间就好了，可以再停，倍他乐克临床用的挺多的，安全性还可以。跟窦速没有关系，调整好心情，可能和您焦虑关系更大。如果没有症状，自己感觉不到，就不要用了。,建议电生理检查，评估旁道不应期，以及有无室上速，再决定要不要射频消融。已近说过了呀，只有1到3%的病人不会犯病，女性怀孕常常发作更加厉害，但是没有具体的概率，医学不是数学，给你的都是当前大概的流行病学资料，不是一五一十清清楚楚，具体到个人，发生了就是百分百，不发生就是0。,明天上午一早您过来，收您入院，尽早安排。两次手术成功率会更高，但是房颤都是，不能保证百分百的。抗凝药不用换，抗心律失常药物可换用胺碘酮或者普罗帕酮。您都做过一次了，挺安全的，我们这一年要做小1000例呢，没啥大问题。您这个岁数在我们这是比较小的，手术大概一个小时多点就能结束。您到时候联系我，尽早安排，大概一两天吧。,起搏器植入多久了，是一直住在北京吗？因为现在疫情没有完全结束，如果没有去过外地，没接触过疫情相关人员']"
https://guoyingscmc.haodf.com,"['看到了，目前继续吃药，我会提交内外科一起讨论，下周出结果后会告诉您。比较稳定，变化不大。这个疾病本身有猝死风险，大多与心律失常有关，跟是否手术关系不大，口服药也是降低猝死发生的治疗之一。数据还可以，很严重的话现在就开刀了。不懂。半年后来复查。要定期复查看病情发展的程度。,目前对于宝宝影响最大的是动脉导管未闭，他目前只有6天，建议生后2周左右做个心脏CT看看，如果动脉导管很粗，并有心功能不全的表现，可以先把动脉导管外科手术结扎，其余的先心目前可以先不处理。心脏CT就是心脏的CTA，年龄小动脉导管粗，不适合介入。动脉导管什么时候做，主要取决于他的心功能状况。如果心功能好，可以大点做的话，有可能可以介入治疗。动脉导管出生后有缩小的可能，所以让你2周左右做CT。好。,可以先尝试一下手术，如果不行，再讨论后续治疗方案。,可以周一到周五过来，挂心血管内科。根据宁波的心超结果，目前暂时不需要手术治疗，可以先随访。外地病人我们一般建议挂特需门诊，特需门诊的病人当天能做上心超，其他的门诊病人不能保证。可以节后过来。每周二下午特需门诊。友情提醒：做心超需要吃镇静剂，空腹2小时。这些药可以吃的。不客气。,近期有感冒、腹泻吗？有恶心呕吐吗？以前有哮喘吗？心肌酶谱和心电图都是属于轻度异常，可以口服营养心肌的药物，例如瑞安吉。精神状态好的话，一周后复查心肌酶谱、肌钙蛋白和心电图。如果心脏听诊无异常，心超非必须。可以。近期流感比较多，要尽量避免再感染。大多数情况下会。如果精神不好要及时到医院就诊。轻度体力运动指什么？先一周，复查后再看情况。做做体操应该可以的。也可以的。不冲突，可以用一个，也可以用2个。瑞安吉是非处方药。可以用一个药，也可以2个同时用开药需求：。已经开好了。不客气。如果心脏听诊无异常，心超非必须。对的。,需要完善相关检查：心肌酶谱、肌钙蛋白、心电图，排除心肌受损。看孩子的情况，如果精神面色都好，晚2天问题不大。如果精神不好，需要及时去医院检查。医生看了再说。应该是看心内科。']"
https://doczhaodi.haodf.com,"['感谢您的信任，病情资料我已详细阅读。您目前的检查资料不齐全，需要补充以下检查：心肌酶指标。心脏彩超结果根据您现有的资料，建议：早博原因很多，可能与这次感染因素有关。也可能是以前就有，这次有病检查发现的。心肌酶指标升高，考虑炎症。给予辅酶Q10每天三次，每次一个。果糖二磷酸钠口服液每天三次，每次一个。一个月后复查心肌酶和心电图。复查动态心电图看看早博控制情况。化验结果看了，心肌酶指标升高，心脏彩超结果正常，服药治疗。一个月后复查。动态心电图和心肌酶，心电图。免体育课，到化验结果正常为止。数据不严重，服用，免体育。,目前为止，考虑可能与最近发病有关。心肌酶指标升高也支持感染存在。早博数量不多，病情不严重。需要服药治疗。一般疗程几个月或几年！也有可能早博不是这次的，以前就有，因为这次有病才发现。需要服药治疗后一个月复查心肌酶指标和动态心电图。心脏彩超看看情况。心脏增大需要心脏彩超结果，请你把超声检查结果发来看看。住院治疗听大夫安排。心脏彩超结果出来了显示左心房增大，可能与这次感染因素影响有关。目前服药治疗。治疗一个月后复查心脏彩超。,心肌酶指标异常可以考虑心肌损害，服药治疗，做个心电图动态心电图看看心肌损害程度。服药治疗1周复查心肌酶和心肌酶指标。这次心脏问题与心脏手术无关。可以考虑可能是。治疗后复查。心肌损害。是的，全面了解心率情况。与手术无关。是手术后再感染疾病造成的。没有心脏方面的药物。加辅酶Q10每天三次，每次一个。果糖二磷酸钠口服液每天两次，每次一个。不够。把上面两个药物治疗加上。小孩咳嗽，哮喘病都会胸痛，憋气，先照胸片看看情况有没有肺炎。,动态心电图结果出来了显示24小时平均心率89次每分钟。不慢。正常心率。整体看动态！心电图结论正常。虽然写的很多，具体分析一下那些出现在夜间的改变属于正常范围。目前为止的检查结果正常，都是安静状态下。心脏是动力器官，检测心脏功能是否正常，需要做平板运动试验。所以要明确心脏正常，需要有运动试验结果评估。,感谢您的信任，病情资料我已详细阅读。您目前的检查资料不齐全，需要补充以下检查：把出院超声心动图发来看']"
https://jiaxiaoqian.haodf.com,"['可以做OGTT试验。有意义 不考虑糖尿病。一般不会。,建议及时到儿科就诊。先天性心脏病也需要处理的。到小儿外科看看。心脏彩超是先心病 这个只能去医院找小儿外科的大夫选择合适的时候处理 不是在这个咨询平台定这个事的。,您好。有没有24小时动态心电图的结果。以及普通的心电图。胸痛主要看看由于心肌缺血 冠心病 气短一般根据心脏彩超肺部CT以及心肺听诊了解肺部由于湿性音以及哮鸣音 鉴别肺与心脏的关系。心悸的症状听起来像是有早博。做24小时动态心电图看看。胸痛可以加用单硝酸异山梨酯，心悸有早博可以加用抗心律失常药物 让主管大夫给确诊鉴别一下 心脏方面可以查冠脉CTA或者冠脉造影看看。通过您提供的信息 考虑冠心病心绞痛和心律失常。西药可以继续吃 在这个基础上可以加用芪参益气滴丸 参松养心胶囊等。考虑心绞痛 心脏血管 这种情况我们建议及时就诊 避免发生心肌梗死。建议您及时过来检查心脏病变吧。胸痛主要是冠脉造影或者冠脉CT心悸这个主要是查动态心电图。药物可以吃。建议住院吧。好的。,主动脉瓣膜反流轻度 建议定期复查彩超了解瓣膜反流变化。监测血压。心悸心率快可以吃酒石酸美托洛尔 但是有长间歇 需要注意心率别慢了。应该是心跳诱发的感觉 血压高有可能引起。控制血压吧。,正常的话心电图 T波是直立的。T波有高尖。有的人心电图可能就这样 可以复查心电图看看  也可以查一下冠脉。,把血糖控制的好一些。症状会好一些。,建议查个心电图。可以做24小时动态心电图。了解由于心律失常的情况。,您好。有心电图吗。还可以。面部浮肿有没有查甲供和肾功能。,您好。你吃酒石酸美托洛尔了吗。这个会影响性功能。可以更换为富马酸比索洛尔。我们用苯扎贝特少。我们用瑞舒伐他汀钙片降脂。,您好。建议做个动态心电图。查个心脏彩超。看看心律失常和心脏结构。']"
https://jrdoctoryang.haodf.com,"['房缺只有3mm，很小，有自愈希望，对孩子生长发育影响很小。目前主要治疗呼吸道感染就可以了。和肺部感染有关，如果咳嗽厉害，需要来复诊，可以做雾化，输液。好的，先用药看下。照片上还好啊，你把血常规结果给我看看。目前还好吗？如果没有好转，去医院看看。和房缺没有关系，建议来医院看下。,缺损不大，影响不大，不过没有自愈希望。可以等天暖和了来我这里复查下。不着急的，如果确实只有1.3ml。可以不处理。没有特别注意的地方，正常护理，少感冒。可以不管，等复查完再定。,发作胸痛时心率大概有多少？特别快？如果当时心跳特别快，要注意室上速可能。做心电图时还有不舒服吗？如果突然觉得心跳快后再疼，可能是突然发心动过速，如室上速。最后下次发作时做个心电图。可以约个24小时动态心电图。平时跑步运动时疼吗。不舒服时心率130不是很快。目前检查没有发现明显异常，如果孩子目前还好，活动也不受影响，可能是与植物神经功能紊乱有关。可以服用点辅酶Q10先调理下。起来后能恢复的吧，关系不大的。药店卖的可能规格不一样。如果孩子目前还好，不吃也可以。目前检查结果还好，没有发现不能运动的证据。如果确实运动后不舒服，建议再找医生看下。,可以再加个瑞安吉果糖口服。可以吃的，不过估计查的结果好的。仅仅心肌酶活性高一点意义不是很大。很多孩子,流速4.2，压差约64左右，一般大于40需要手术。首选内科介入治疗。联系你方便时来我这里复查下，如果,孩子已经7个多月了，动脉导管未闭没有自愈希望了，可以介入微创治疗的。目前可以做了。介入手术很成熟了，,房缺很小，有自愈希望，可以来复查了。如果医院水平还可以，可以的。']"
https://doctorzhangjian.haodf.com,"['河北医保直接手机网上备案，不用去当地医院转诊，河北和我们医院联网，直接网上结算。跟我联系留床位。,心电图有动态变化，高度怀疑冠心病，可以做个冠脉CT除外血管狭窄，做个动态心电图看看有没有心律失常。您这个cT血管狭窄很严重呀，赶紧过来住院吧，周四上午我在门诊，直接找我吧。好的。,做了什么检查？冠脉造影？什么结果？造影看上去没什么大事，但是图像较小，不是太清楚。如果心脏超声，心电图，造影都没有发现什么异常的话，看上去确实没有什么器质性的心脏病。你可以来我院进一步检查一下。']"
https://kanglianming.haodf.com,"['优甲乐不会影响冠心病及冠心病服药治疗。,这种情况需要考虑2种情况：一是心功能，一般利尿剂会有效；二是甲状腺的问题。建议你有基础心脏病，所以先,1、目前药物选择还可以，不知血压能耐受吗2、心肺联合移植会根本解决问题。应该是住院比较安全。药物会有,现在的药物确实不太适合了。建议加用倍他乐克和培多普利。不是。2个药物完全不是一回事。还开氯化钾吗。我,倍他乐克是早晚服用呋噻米早上服用。倍他乐克每日服用2次。']"
https://liuhuiys.haodf.com,"['从目前的检查看，孩子的动脉导管未闭并不粗，这种细的动脉导管未闭在一岁之内，有治愈闭合的可能性。所以不着急手术。建议3个月到半年复查心脏彩超如果一岁以后仍然没有闭合，可以考虑介入治疗手术(不开刀)但是如果孩子平常发育比较差，容易呼吸道感染或者心脏杂音非常明显，建议提早复查。我周三上午门诊，可以提前1一2周先在这个网上预约，就诊当天早八点拿就诊卡(卡上最好先充350元，如需做检查可直接从卡上扣除)直接到门诊楼四层17号诊室找我加号即可。一般当天上午可以完成复查。在医院建卡大厅或者自动办卡机上办理。北京市西城区南礼士路56号北京儿童医院(地图上可定位)。家长身份证。,因这个位置如果侧开室间隔缺损暴露不太好，容易造成残余分流，正中开胸的可能性更大。但具体情况要等住院后术前心脏彩超检查决定。,从目前的心脏彩超检查结果看，孩子动脉导管未闭很细，而且心脏大小都是正常的，应该对孩子的整体生长发育没有影响。这种细的动脉导管未闭，从手术角度来讲，也可以定期观察，也可以这个年龄介入手术治疗。目前心脏情况不会影响孩子的生长发育，如果孩子生长发育偏差，而心脏杂音非常明显，建议再复查心脏彩超，这种情况往往动脉导管未闭可能比较粗，尽早手术。对。近期检查的动脉导管未闭应比上次有所缩小，2次检查动脉导管未闭都比较细，而且心脏大小都正常。从目前的检查看，如果孩子发育比较差与心脏关系不大，建议看内科是否有其他原因引起的发育减慢。从目前的心脏彩超检查结果看，动脉导管未闭已经很细，而且过血并不多。不是必须手术治疗。因动脉导管未闭在一岁以后治愈的可能性极小，孩子目前有三岁，如果想手术的话如果说手术的话，可以介入手术，不开刀。目前动脉导管未闭的手术绝大多数都是介入方式完成，不用开刀，只是从股动脉穿刺顺着血管送封堵器到动脉导管位置，将动脉导管未闭闭合。不需要吃药，正常护理。,从目前的检查看，主要是胎儿心脏超声考虑有右弓迷走左锁骨下动脉，这种畸形会引起孩子的气道和食管的压迫，引起呼吸和吞咽的问题。但是心脏彩超并不能明确诊断，建议做增强CT检查，明确有无气道压迫症状，如果没有气道压迫和吞咽的问题，目前不需要手术，定期观察。个人发病的年龄并不相同，但大多数随着年龄的增长都会有症状，远期可能手术的机率比较大。已阅，建议做增强CT检查，如目前没有气道和食道压迫，可暂不手术，定期观察。如果吃奶期间一般没有太多症状，如果加辅食和固体食物以后可能有吞咽困难，从影像学检查是可以检查出来的。出生后的超声心动图检查看不到有迷走的问题，这个是不如胎儿脐超声看得清楚，所以你要是诊断有没有迷走锁骨下动脉必须做增强CT检查。应该做，射线量在安全范围。有人儿童期无症状。可以手术。发病年龄差别较大，与气管受压程度有无，有人出生后发病，有人终生不发病。所以还应做增强CT了解病变程度。常规手术，有风险，但绝大多数效果好。不会。卵圆孔未闭，不属于先天性心脏病，不需要治疗。对人也没什么影响。如果存在右弓，迷走左锁骨下动脉是先天性心脏病。目前所有的检查并不能明确诊断。先做检查，明确是否手术才能知道手术费，因为手术方式也不太一样。今后有可能会有压迫症状，所以最好做增强CT检查。,建议上传一下心脏彩超检查结果以及手术记录。直径0.49mm的动脉：管未闭，实际上对人的生活及体质没有,卵圆孔未闭的孩子可以做正常的预防接种，和别的孩子没有什么差异。预防接种和卵孔未闭的自然愈合没有关系。,因大多数在术前检查的过程中并不做24小时动态心电图检查，只做常规心电图检查。因常规心电图所做检查时间,估计快解禁了，如果长时间不解禁，可以在当地复查。目前到我们医院看病没有问题，门诊都是照常的。一般到北']"
https://tangchunpingdr.haodf.com,"['如果没有哮喘的话，建议加美托洛尔缓释片 每日一片，安内真加到每日一片。不是就厄贝沙坦和安内真吗？怎么会有三种？冬季血压高，很常见的，与饮食改变和气温降低有关。可以用的。这个药还是挺安全的。但有哮喘不用。用药后注意心率和血压。昨天看漏了，的确是三个药了，厄贝沙坦，安内真和美托洛尔：）注意监测血压。,轻度狭窄，不需要手术。建议阿司匹林和他汀类降脂药物治疗。不客气，祝早日康复！方便的话请在咨询界面给予评价，以帮助更多的患者可以找到我们，也方便我们可以帮助到更多的患者。感谢支持！评价流程：1.点击表扬／投拆。2.点击表扬医生。3.分别对网上服务及治疗效果进行评价。,你这个情况，不太好判断原因。既然术后患者，建议与当地医生多沟通，湘雅医院是很好的一个医院。不客气，祝早日康复！方便的话请在咨询界面给予评价，以帮助更多的患者可以找到我们，也方便我们可以帮助到更多的患者。感谢支持！评价流程：1.点击表扬／投拆。2.点击表扬医生。3.分别对网上服务及治疗效果进行评价。这个一般没什么关系。机械膜应该没感觉的。可能是神经肌肉痛，这个一般不用处理，观察即可。,目前没有器质性心脏病的证据。动态心电图看早搏不算特别多，但心率偏快。如果没有哮喘的话，建议美托洛尔缓释片 每日半片。用药期间注意监测血压。平时注意改善生活方式，避免熬夜，避免浓茶、咖啡、奶茶等兴奋性 饮品。适当运动有助于控制心率。家用的话，一般单导联的就可以了，没必要这么复杂的，导线太多反而不方便。可以看下这样，简单点。看来源的话，一般要专门的12导联的，但是看早搏数量和严重程度的话，这种单导联的就足够了。而且导线少，携带和使用很方便。,还有其他资料吗？如心脏彩超，验血之类的，平时有什么症状吗？,药暂时没必要换，熬夜状态下血压偏高是正常的。建议i 做个动态血压检查看看。贫血和肾脏问题建议咨询专科医生。如果做过动态血压，请把具体报告上传。熬夜或者刚睡醒出现血压增高是正常的，这个不用处理，观察即可。年纪轻的我们一般会倾向于安博维＋络合喜，具体是否需要用两种药，要看血压情况而定。降压药早上吃，立普妥晚上吃。其他的几种药不太熟悉，建议咨询专科医生。,这种轻微返流不用处理，没什么临床意义。可以这么理解就诊时间：。可以的预约医生：。唐春平。,下肢静脉血栓。克赛不停，华法林加到每天1.25片。3天后复查。肺栓塞。克赛继续用，华法林加到1.5片，3天后再复查。需要国际标准化比值达到2以上。不客气。先不变，3天后再查一次。克赛继续用。肺栓塞。效果挺好，但华法林没有达标。建议可以考虑停克赛，华法林再加四分之一片，一周后再复查。挺好的。华法林不调整，一周后再复查。肺栓塞。Inr偏低点，暂时不调了吧，半月再复查下。肺栓塞。加到2片，一周后再复查一次。你这剂量偏大，如果调整的话，一定要严格检测。如果监测不方便，那就暂不调整。不客气。目前还是1.75片吧？那这个剂量已经维持一个月以上了。后面一个月查一次就行了。不客气。,如果想到协和医院的话，要跟他们医院的医生联系。如果药物治疗效果不理想，要考虑房颤射频消融。不客气，祝早日康复！方便的话请在咨询界面给予评价，以帮助更多的患者可以找到我们，也方便我们可以帮助到更多的患者。感谢支持！评价流程：1.点击表扬／投拆。2.点击表扬医生。3.分别对网上服务及治疗效果进行评价。,建议做个动态心电图看看。目前不考虑心肌缺血。建议完善动态心电图检查，如果发作时心电图正常，需要考虑其他的病因，如情绪。用匹伐他汀期间应该定期复查生化。,高血压。能把做过的具体检查上传吗？平时心率怎么样？做过动态血压检查吗？平时心率一般多少？75以上多还是75以下多。从你上传的资料还不足以完全排除继发型高血压可能。继发型高血压一般还需要包括尿常规，生化，肾上腺和肾动脉检查。用药方面，如果没有哮喘的话，建议您试试氨氯地平和美托洛尔缓释片联合应用试试。注意改善生活方式，低盐低脂饮食，适当运动，避免熬夜，戒烟戒酒。,心悸待查。目前检查看，还可以，没有心肌炎诊断依据。如果没有明显症状，暂时无需进一步处理，观察即可，可以3个月左右再复查一次彩超。不客气，祝早日康复！方便的话请在咨询界面给予评价，以帮助更多的患者可以找到我们，也方便我们可以帮助到更多的患者。感谢支持！评价流程：1.点击表扬／投拆。2.点击表扬医生。3.分别对网上服务及治疗效果进行评价。这个没什么特别大的意义。,高血压。有没有情绪方面的影响？发作时心率快吗？有其他伴随症状吗？这个情况建议排查下继发型高血压。尤其是嗜铬细胞瘤。如果排除了嗜铬细胞瘤的话，那应该没什么问题，注意情绪对血压的影响。这方面网络无法评估。你这个情况建议一定要排查情绪的影响，可以临床心理科评估看看。检查应该比较完整了。建议先心理课评估看看。如果的确解决不了，建议到省会医院或北京，上海看看。,目前药具体怎么用？血压和心率具体怎么样？从理论上讲，150-100的血压，一般1到2种药就可以降下来了。你的情况可能要仔细分析下了。比如，血压测量是否准确，是否经常测量还是仅仅偶尔测量，有无注意改善生活方式，当然，还有有没有继发型高血压的可能。但从你目前的信息，无法判断这些情况。如果药物治疗不理想，建议到医院做一个系统的评估。可以考虑住院检查。通常包括尿常规、血液检查、肾脏B超、肾上腺检查，必要时全身大血管CTA。,建议进一步冠脉造影，如果造影狭窄超过75％，要考虑支架。前降支属于主血管之一。严重的狭窄容易引起完全梗阻，引起心梗的发生，所以一般严重狭窄会考虑支架治疗。没有必须。75%狭窄程度以上会引起症状，所以对于这种程度的狭窄，通常会建议支架治疗。,彩超看，心功能还可以。查脑利钠肽了吗？肾功能怎么样？建议控制挂水量，加强速尿利尿，可以考虑联合几种利尿剂共同使用，或者尝试托伐普坦。必要时需要考虑透析超滤。心衰的指标高的不厉害。肾功能也还可以。如果有症状，建议复查下。其他建议同上减少不必要的输液。,如果症状明显的话，建议进一步检查。不客气，祝早日康复！方便的话请在咨询界面给予评价，以帮助更多的患者可以找到我们，也方便我们可以帮助到更多的患者。感谢支持！评价流程：1.点击表扬／投拆。2.点击表扬医生。3.分别对网上服务及治疗效果进行评价。,高血压。如果血压好的话，头晕应该跟颈椎有关，建议骨科就诊。时间长了会引起脑梗，所以要积极药物治疗。建议咨询下神经内科改善生活习惯很重要。,高血压。倍他乐克和依那普利可以一起用的。如果没有症状的话，注意监测血压即可。不客气，祝早日康复！方便的话请在咨询界面给予评价，以帮助更多的患者可以找到我们，也方便我们可以帮助到更多的患者。感谢支持！评价流程：1.点击表扬／投拆。2.点击表扬医生。3.分别对网上服务及治疗效果进行评价。,建议做个平板运动试验看下。如果也是正常的，建议消化科看下。这个一般看不清楚，胃病要看胃镜。,能把具体检查上传吗？下午我在省妇幼门诊，今天应该有床位。我负责的病区在分院。本部不归我管，本部的床位安排不了。其他医院我就更决定不了了：）。,胸闷待查。之前有过感冒吗？普通心电图和验血有问题吗？能把这些资料上传吗。不好意思，白天一直忙，没能及时恢复。资料我看了，从检查看，冠脉cta好的，冠心病应该可能性不大，磁共振提示心肌炎可能。具体还需要结合以往的心电图再看下。检查方面，建议完善脑利钠肽和动态心电图检查。目前的出院用药，主要针对冠心病的。可能需要调整下，建议找时间到我们 医院来面诊再评估下，部分检查可能还需要复查。是的。从目前检查看，似乎无法解释这些症状。检查看，不严重，但是症状这么明显，建议进一步系统评估。我是江苏省人民 医院的。我周二下午及周五上午在妇幼分院，周一下午，周二上午及周五下午在省人民这边可以过来加号。好的。有可能的，但是目前没有这方面的证据。,心律失常。早搏挺多的，而且有短阵室速。请提供详细既往病史和其他检查。建议首先倍他乐克控制早搏，如果药物控制不佳，可以考虑射频消融。看血压情况，如果血压不低的话，可以用美托洛尔缓释片 每天一片开始。那就先用半片开始。建议找时间过来看下。你这个情况不太像功能性早搏，建议要系统评估下。室性早搏是肯定的回答而且有室性心动过速，但原因要仔细甄别下。,高血压。目前推荐的方案是可以的。有颈动脉斑块，建议加用他汀类降脂药物。可以用瑞舒伐他汀 每晚10毫克。血压过低会影响心脏的，一般血压维持120-140即可。,血压问题，建议做个动态血压看看血脂方面，如果一直偏高，建议药物治疗，可以瑞舒伐他汀 每晚10毫克。一月后复查生化，主要监测肝功能、肌酶、血脂目前肝功能不需要治疗，肌酸激酶轻度增高不用处理。动态血压是一种检查，要到医院做是同一种药，阿斯利康公司的可定比较好。用药期间如果肝酶或者肌酶明显增高，要考虑停药。如果用药后血脂偏低了，可以考虑减量或停药。长期来说的话，主要是第二和第四种药。第一种药一般用1到3个月。,高血压。这个血压需要药物治疗的。高血压患者很多都没有症状，但没有症状不代表不需要治疗。症状出现往往预示着并发症的出现。注意改善生活方式，低盐低脂饮食，适当运动，避免熬夜，戒烟戒酒。,如果目前药物效果不佳，可以把代文改为诺新妥试试。,这个可能要考虑外科手术了。内科介入可能做不起来。建议找这方面的专家再看下。黑龙江那边不太熟。哈医大附属医院应该还可以。阜外或者协和。大概5万左右吧。建议找这方面的专家再仔细看下，也可能还有介入封堵的可能，但还需要请有经验的医生仔细看下超声。介入手术创伤小。,高血压。心率偏快，建议可以用点美托洛尔试试。有条件的话，建议做下平板运动试验排除下冠心病可能。阿斯利康的倍他乐克是比较好的，可以用美托洛尔缓释片，每日半片开始目前检查看，不严重。但如果症状明显的话，建议进一步评估。美托洛尔可以早饭前用。光凭症状无法判断，心脏或脑供血不足都有可能。建议面诊评估下。可以的。不客气，祝早日康复！方便的话请在咨询界面给予评价，以帮助更多的患者可以找到我们，也方便我们可以帮助到更多的患者。感谢支持！评价流程：1.点击表扬／投拆。2.点击表扬医生。3.分别对网上服务及治疗效果进行评价。,可以把替米沙坦改为80毫克试试。应该做下睡眠呼吸监测。,这个情况，建议到我们医院来复查心脏彩超，需要再仔细评估下瓣膜情况。,shishangsu。能把发作时心电图上传吗？没有看到发作时心电图呀。上面的资料看到了。这个可能还无法完全判定是室上速。我想问几个问题。以前发过吗？当时是怎么恢复的？用了什么药吗？从图上看，不排除房速可能。当时是自己恢复的吗？还是用了药物恢复的。恢复过程的心电图很重要。房速也是一种室上速，但是与通常所说的室上速会有点区别，发作机理不同，但有时候从心电图很难区别。房速消融的成功率大概只有75％，而室上速的成功率可以到95％以上。如果只是偶尔发，可以观察下。建议完善两个检查看看。一是动态心电图，另一个是平板运动试验，如果都是好的，而且发作不频繁，可以不处理。如果检查好的，而且发作频繁，可以用点普罗帕酮试试。平板运动试验是一个检查，主要用来排除冠心病的，也可以用冠脉CTA代替，但要贵一点。用药意见同上。但一定要先评估这两个方面。然后看发作情况决定是否长期用药还是手术治疗。这个属于微创介入手术，创伤很小。没什么后遗症。先把上面的两个检查完善下看看再说吧。如果只是单纯的心动过速，没有合并其他问题，暂时不处理是不要紧的。,你有点太紧张了你这个年龄不考虑冠心病。建议完善动态心电图和动态血压检查。,轻微咳嗽 应该关系不大。这个彩超建议3个月复查。这个跟室缺应该没什么关系，建议找儿科医生看下。你这个缺损不算小，建议暂缓。,这个血压可以的，没必要调整。没有这个必要。,目前看，高的不厉害。能把以前的检查结果上传吗。,抱歉，白天太忙，没能及时回复。房颤伴有长间歇。目前有症状吗？这个情况，手术或者吃药都有较大的问题。停搏间隙比较长，如果做消融手术的话，有做好术后可能要安装起搏器的准备心率慢，而且有长间歇，药物治疗也有很大的矛盾。如果没有明显症状的话，建议观察为主。定期复查动态心电图。注意预防卒中。预防卒中主要要用抗凝药物。抗凝药有一定的出血风险，所以要充分评估抗凝获益以及出血风险后综合判断。这方面最好面诊评估。消融手术是一种微创手术，主要针对房颤的，可以把房颤恢复成正常心率。目前还没到马上装起搏器的程度，建议观察为主。后期很可能还是要起搏器联合药物治疗。但目前可以先观察为主。,胸闷待查。光靠症状，不太 好判断原因，建议到医院看下，可以看心脏内科。这个血压也是需要控制的。建议首先完善心脏彩超、动态心电图及甲状腺功能检查。必要时可能需要做冠脉CTA排除下冠心病可能。这个只是常规的生化和甲状腺功能，不足以判断原因。,从心电图，有完全性左束支传导阻滞，这个要结合既往心电图判断，如果是近期才出现的症状，建议要充分重视，应该考虑到医院做系统评估。,心输出量下降，外周阻力会代偿性增高。何况，高血压患者本身外周阻力就是增高的。,感谢您的信任，病情资料我已详细阅读。根据您现有的资料，建议：肥厚性心肌病。建议考虑室速，如果药物控制,感谢您的信任，病情资料我已详细阅读。根据您现有的资料，建议：胸痛待查。您的这种胸痛症状考虑神经痛可能,感谢您的信任，病情资料我已详细阅读。根据您现有的资料，建议：高血压。可以暂时不用药。加强家庭自测血压,感谢您的信任，病情资料我已详细阅读。根据您现有的资料，建议：高血压。建议复测几次看下，如果一直这么高,感谢您的信任，病情资料我已详细阅读。根据您现有的资料，建议：胸闷待查。能把所有心电图都上传吗？心电图,这个要考虑手术的，具体建议咨询小儿胸心外科医生。年纪太小，不适合介入。是的。,建议咨询胸外科和血管外科医生。,建议查下肝功能。如果肝功能正常，建议非诺贝特，每晚200毫克。依择麦布 每日早上一片。用药后同样要控,有眼前发黑或者晕厥吗？头晕发生在什么状态下？是餐后？坐着的时候？还是突然站起来的时候。从动态心电图和,感谢您的信任，病情资料我已详细阅读。根据您现有的资料，建议：胸闷待查。心脏彩超和动态心电图有问题吗？,这个情况建议到上级医院复查下心脏彩超看下。控制高血压很重要。,减肥方面建议咨询内分泌科医生，这个不属于心脏药物。药物不是首选，可以通过运动和饮食控制达到控制体重的,感谢您的信任，病情资料我已详细阅读。根据您现有的资料，建议：高血压。有过敏或者通风吗？痛风。建议方案,这个比较困难，主要看用药后心脏大小恢复情况。,感谢您的信任，病情资料我已详细阅读。根据您现有的资料，建议：高血压。轻度增高，药物不用调整，定期复查,感谢您的信任，病情资料我已详细阅读。根据您现有的资料，建议：高血压？平时血压怎么样？头晕的时候看东西,感谢您的信任，病情资料我已详细阅读。根据您现有的资料，建议：高血压。用药前血压多少？建议加非洛地平每,感谢您的信任，病情资料我已详细阅读。根据您现有的资料，建议：胸闷待查。心脏做过什么检查吗？建议首先完,感谢您的信任，病情资料我已详细阅读。根据您现有的资料，建议：冠心病。当时是怎么知道80％狭窄的。封堵,能详细说明下部位吗？这个症状要考虑消化系统的问题的。,轻微脱垂不用处理。不影响口腔科治疗疼痛考虑神经痛，跟心脏没关系，大多跟紧张，受凉或熬夜有关。可以告诉,感谢您的信任，病情资料我已详细阅读。根据您现有的资料，建议：病毒性心肌炎。最原始的早期资料没有看到。']"
https://drjiyongchun001.haodf.com,"['您好，为了方便病情的判断，请问您还有其它伴随症状吗？今天的血压升高到多少？,您好，为了方便病情的判断，请问您还有其它伴随症状吗？和窦性心律不齐没有关系。,您好，为了方便病情的判断，请问您还有其它伴随症状吗？父母有高血压吗？你每年进行健康体检吗？你的睡眠如,您好，为了方便病情的判断，请问您还有其它伴随症状吗？心电图没事。心血管轻度钙化不碍事，不用担心。反流,您好，为了方便病情的判断，请问您还有其它伴随症状吗？你是焦虑。,感谢您的信任，病情资料我已详细阅读。根据您现有的资料，建议：你好。缬沙坦氨氯地平片，一天一次，一次一,感谢您的信任，病情资料我已详细阅读。根据您现有的资料，建议：你好。,感谢您的信任，病情资料我已详细阅读。根据您现有的资料，建议：还有其它症状吗？冠状动脉双源CT。,您好，为了方便病情的判断，请问您还有其它伴随症状吗？尽快去医院住院治疗吧。你头晕是血压引起。,您好，为了方便病情的判断，请问您还有其它伴随症状吗？这是你本人吗？20岁？你尽快到大医院去就医，你有,您好，为了方便病情的判断，请问您还有其它伴随症状吗？心脏上没有什么筋，我还是没有明白你要说的是什么问,您好，为了方便病情的判断，请问您还有其它伴随症状吗？可以服用。,您好，为了方便病情的判断，请问您还有其它伴随症状吗？不会有危险，你做过心电图吗？发来我看看。,您好，为了方便病情的判断，请问您还有其它伴随症状吗？做心电图心脏超声了吗？,您好，为了方便病情的判断，请问您还有其它伴随症状吗？心率怎样？好好服药，尽量控制。,您好，为了方便病情的判断，请问您还有其它伴随症状吗？,您好，为了方便病情的判断，请问您还有其它伴随症状吗？,您好，为了方便病情的判断，请问您还有其它伴随症状吗？不要太着急，你睡眠怎样？父母有无冠心病病史。你还,您好，为了方便病情的判断，请问您还有其它伴随症状吗？不是甲状腺的问题。是你睡眠的事。,您好，为了方便病情的判断，请问您还有其它伴随症状吗？从你提供的病史初步印象为焦虑。,您好，为了方便病情的判断，请问您还有其它伴随症状吗？除了心电图，做过心脏超声吗？,您好，为了方便病情的判断，请问您还有其它伴随症状吗？你做过什么检查吗？,您好，为了方便病情的判断，请问您还有其它伴随症状吗？做过心电图或心脏超声吗？你这么小就心室肥大了呀？,您好，为了方便病情的判断，请问您还有其它伴随症状吗？你这个病史描述不太清楚，不好指导用药。,您好，为了方便病情的判断，请问您还有其它伴随症状吗？你的心脏上做过什么检查吗？,您好，为了方便病情的判断，请问您还有其它伴随症状吗？除了心电图，还有什么检查吗？,您好，为了方便病情的判断，请问您还有其它伴随症状吗？做动态心电图。等动态心电图出来看看有多少早搏疾病,您好，为了方便病情的判断，请问您还有其它伴随症状吗？,做心脏起搏器。严重，与头晕有关。,您好，为了方便病情的判断，请问您还有其它伴随症状吗？心肌桥显示狭窄是多少？,感谢您的信任，病情资料我已详细阅读。根据您现有的资料，建议：还有什么症状吗？,感谢您的信任，病情资料我已详细阅读。根据您现有的资料，建议：还有什么症状吗？,您好，为了方便病情的判断，请问您还有其它伴随症状吗？半年内经常半夜醒来心慌吗？不用客气，你可以在公众,您好，为了方便病情的判断，请问您还有其它伴随症状吗？考虑用药物和手术干预没？,感谢您的信任，病情资料我已详细阅读。根据您现有的资料，建议：你还有其它症状吗？关键是要先明确到底有没,您好，为了方便病情的判断，请问您还有其它伴随症状吗？你口服药了吗？,您好，为了方便病情的判断，请问您还有其它伴随症状吗？有发热，咳嗽吗？不是新冠。,您好，为了方便病情的判断，请问您还有其它伴随症状吗？有没有感冒？血压是多少？去医院调整降压药吧。,您好，为了方便病情的判断，请问您还有其它伴随症状吗？可以。微创手术。,您好，为了方便病情的判断，请问您还有其它伴随症状吗？坐下起来头晕是体位改变引起，一过性血压减低。有心']"
https://yunzhezhang.haodf.com,"[""可以做零射线手术，在三维下做，没有射线。不属于先天性心脏病，是可以治愈的一种心律失常。建议手术，不然怀孕以后再发作，还得手术。,最好是住院做冠脉造影，血管真重度狭窄，需要放支架，毕竟你还这么年轻。今晚做吧，心梗了就麻烦了。不好意思发错了，是尽快做吧！要是吃药仍然有症状，还是早点做吧。,建议去三甲医院明确冠心病诊断，如果是冠心病，有些药还没有吃。不能治愈，但需要药物控制。开药需求：。出院时，大夫给你交代复查血凝了吗。,测量血压时要注意以下条件：情绪应稳定，应在安静的室内休息10-15分钟以消除疲劳、紧张等对血压的影响，检查前5分钟内不要做体位变动；室内温度应以20℃左右为宜，太冷、太热对血压高低都有影响；检查血压前半小时内，应避免进食，不吸烟、不饮酒，排空膀胱（解小便1次）。,可以。把里面的心电图形也传上来。请上传清晰的图片，这张看不清。另外，有心脏超声得结果嘛？把平时的症状描述一下。把动态心电图全部拍照传过来，请上传原图。图片看不清。还有里面的也需要拍照。不会的，至少还有四张，我需要看心电图行，不能只看结果。你提供的资料太少，根据这个，有短阵室速，和心肌缺血，建议三甲医院详细查查。那得做造影看看，如果冠脉狭窄70%以上，需要放支架。不好说严重不严重，需要看心脏超声结果，看看心功能有没有问题。好的。心功能还可以，如果平时没有胸闷，胸疼，或气短，根据动态心电图，心率偏快点，目前吃着什么药？动态心电图您上传的是第一页，后面还有，后面的更重要，如果方便，请拍照传上来。有其他病史吗，比如高血压，糖尿病。建议口服上酒石酸美托洛尔片，每次半片，每天吃两次。最好去医院做个冠脉CTA，这个可以门诊做，了解一下冠脉情况。当然住院做冠脉造影更好，如果需要当时就可以放支架。不用客气，感谢您的咨询！,换成厄贝沙坦氢氯噻嗪片，每天吃一片。中午吃。尿酸高或有痛风的不能吃。这个没事。不用吃药，观察就行，多锻炼，别熬夜，少吃点盐。这个药不影响心率。不用客气！感谢您的咨询！,把单硝酸异山梨酯停了就行了。请把你的症状具体描述一下，心电图我看了，主要看看你的症状。吃剩下的药就行我已完成了张云哲医生下发的《冠心病问诊表》：。每次发作持续多长时间。,把你的症状描述详细点。什么情况下疼，跟活动有没有关系，深呼吸有没有异常。每次发作持续多久？,高压150低压100？心率快吗？络活喜和安博维都怎么吃的。络活喜可以加到两片。另外要少吃盐，多运动，不熬夜。减肥。对，一块吃。只能这样，本来加上氢氯噻嗪最适合你，可是你吃不了。不用客气！感谢你的咨询。,带动态心电图时犯病了吗。100以内都算正常，看着问题不大。不用管它，这个没事。那个和心脏没关系，实在睡不好可以短期内口服安定。,血压正常吗，低压100，高压'40？血压高。头晕应该和高血压有关。平时测过血压吗，确定是这几天才高的？这几天劳累？睡眠不好？休息几天，改善一下睡眠，看看血压能不能下来。少吃点盐。对。""]"
https://lupingdr.haodf.com,"['小宝生后1周行动脉导管未闭结扎术，术后并发血压升高，左室壁及室间隔可能会有继发增厚。因小宝在胎儿期所做2次的胎儿超声，心脏是扩大的，而未提示左室壁包括室间隔增厚。目前小宝有继发孔房间隔缺损达7mm，左向右分流，右房内经15mm，较左房大，小宝的右心容量负荷大，左心相对小，可能也会导致左室壁增厚。原发性的肥厚性心肌病比较罕见。小宝状况良好？建议您在小带小宝宝来我院复查心脏超声，并做心电图。如仍高度怀疑肥厚性心肌病，酌情入院进一步诊治，并建议做基因检查。小宝尚在住院，可在出院时复查一下心脏超声。如状况良好稳定，心脏超声心室壁肥厚好转，可在出院1个月后复查。不客气！,1个月后化验心肌酶即可。川崎病病程1年，即再过6个月常规行川崎病复查（主要做心电图、心脏彩超十冠脉超,收到，谢谢资料提供。小宝宝住院期间蓝光照射退黄疸，说明黄疸较明显，通常病理性黄疸也会导心肌受损，肌钙,按常理应该3月中旬查一次，已经拖后了。疫情期间，我理解家长不易，您没提冠脉扩张。小宝状况好，冠脉正常,冠脉狭窄有侧枝形成，提示冠脉病变相对严重。但您孩子的冠脉超声需要核查。非常理解！川崎病病程3月余，从']"
https://limingzhou.haodf.com,"['小王同志，是我给你打电话。你要方便的话，我问问具体情况。医生给患者打电话患者未接听：。好的，这两天如果血压一直像上面你说的数据比较平稳，但是有头晕，可以加用强力定眩片，每天三次，每次五片，试试看。如果血压不平稳，再与我联系。这是对你情况不太了解情况下的一些临时措施。如果能与你通上电话，我问问具体情况啊，我们的治疗方案应该能够更为完善。医生使用隐私电话功能与患者通话：。好的。正如咱们刚才电话里沟通的，先不用上面的方法。继续在医院住院，注意收集材料，有大的疑问到时候把材料发上来，咱们再分析进一步解决问题。如果当地医生的诊断治疗意见，咱们都是比较同意合适，那也就先这么办。好的，祝你顺利。医生给您发来一个提醒：。,你现在的脉搏一般是多少？睡眠受没受影响？这段时间有没有什么着急的事情？好的，如果是这样的话，您可以试一下厄贝沙坦氢氯噻嗪片，每天早晨服一片，你可以试试看。还有一个每一个人的血压都会有波动，如果往上波动比较厉害的话，可以用卡托普利临时使用，来减少临时事件的发生。具体方法可以参考我的文章里面，高血压目录里面的一些文章。,改为替米沙坦，每天早晨80毫克，每天17点，非洛地平缓释片五毫克。可以这样，先试试。应该能有所作用。具体情况我们可以观察一下看。你说的对，睡眠呼吸暂停可能会影响后半夜的血压，睡觉之后的血压，对前面应该没有影响。平时心跳多少？,阿司匹林、替格瑞洛和他汀是需要长期服用的药物。,胃食管疾病的可能性大，但是心脏方面还需要进一步排除。不会。,建议检查超声心动图、动态心电图，血常规。血液生化检查，包括肝肾功能血糖血脂电解质心肌酶以及其他心机标记物，甲状腺功能。尿常规等等。好的，听他们的吧！,参松养心胶囊，一天三次，每次三粒。门冬氨酸钾镁片。每片149毫克，每天三次，每次一粒。饭后服用。,咱们这种情况后，为了确认心脏有没有器质性病变，应该做1个心电图平板运动试验，动态心电图和超声心动图，看一下具体情况再定。,好的，单纯看这个报告结果的话，咱们支架做得还是不错的。支架保持的效果也是不错的。别的地方的钙化狭窄并不严重。在目前处置的基础之上，不必要再做特殊处置。这是单纯看报告结果得出的结论。,好的，非常感谢信任，嗯，我看了一下，你的材料。是不是目前在吃缬沙坦也叫代文的这个胶囊？如果每天吃的话,好的，非常感谢您的信任的材料，刚才我都看过了，有几个问题需要再明确一下，您目前有没有失眠焦虑，紧张，,好的，现在复代文、络活喜拜新同、倍他乐克缓释片这四种药现在是不是已经不用了？如果已经不用了，已经停掉,好的，处方已经开好了，不知道您人这次想开多长时间的。我是按28天每天吃一粒，开了四盒。你看够不够？要,有没有最后一次的超声心动图结果？也叫心脏超声，心脏彩超。把那个结果拍张照片发上来。另一个，有没有可能,您的这个他丁这个药物是每天什么时候服用？再一个有没有近期的24小时动态心电图的结果？如果有的话，拍照,好的，你这个材料我刚才我都看过了，那咱们这个超声心动图也就是心脏超声做过没有？如果做过的话，把那个结,氯沙坦钾片。每片有100毫克的，有50毫克的，我们每天早晨服用100毫克。高血压的原因，我们需要筛查']"
https://drgaoyuxia.haodf.com,"['你好，非常荣幸能够帮助你。仔细阅读了您的病历资料和检查。主要是看心脏彩超的结果。心脏彩超仔细看看确实没有什么问题。你是从哪查到的正常值？这上面并没有提供。,有问题可以继续咨询我。退黑色素是生理性的生物制剂，应该能够改善睡眠，对降压有益的。褪黑素是晚上睡前只改善睡眠的，会干扰降低压药的！降压药是早上空腹吃的。是的。,你好，有问题可以继续咨询我。中药可以用芪苈强心胶囊。控制房颤发作可以用胺碘酮，但注意复查甲状腺功能，这个药如果长期服用会引起甲亢或甲减。治疗心衰的药物当中，利尿剂比较欠缺。一、心衰的容量管理1.少盐，心功能III-IV级者，每天限盐2-3克；2.限液体入量，每天1500-2000毫升；3.尿量与液体入量甚少保持平衡。有水肿者，尿量要比入量多出200-300毫升为好；4.每天称体重，记录液体出入量，便于调整利尿剂。托拉噻米与螺内酯联用，减少钾的丢失；病人利尿剂是怎么用的？因为有房颤，而且有过肢体的栓塞，所以应该用抗凝的药物。建议用利伐沙班(20mg1片)每天1次，每次1片。注意尿量和入量。中药参松养心胶囊可以停掉，不用吃了！,你好，非常荣幸能帮助你。仔细阅读了您的病历资料和检查。目前主要问题是胸闷气急。查心电图示大致正常。冠脉造影检查显示回旋支远端轻度狭窄，提示冠状动脉粥样硬化。目前主要治疗是用他汀类降脂药降脂治疗。延缓像水管生锈一样的动脉粥样硬化，避免它发展为冠心病。如果活动以后有呼吸困难的症状，可以做胸CT，排除肺部和纵隔的问题。还可以做肺功能检查。药物治疗主要是阿托伐他汀。可以停掉氯吡格雷。阿托伐他汀，每晚8点吃1片。降脂达标：LDL-C＜1.8mmol/L,超高危者＜1.4mmol/L；TG＜1.7mmol/L。服药1-2个月后复查血脂、肝功和肌酸激酶，以后每隔半年复查一次这几项指标。主要看降脂是否达标？,你好，非常荣幸能够帮助你。呼吸阅读了您的病历资料和检查。目前主要问题是有胸痛心绞痛症状。已经查了冠脉CT显示前降支近段狭窄70%。其他的血管，回旋支和右冠均有轻度的狭窄，但是不是很严重。因为患者有心绞痛的症状，而且前降支血管的狭窄在70%属于临界病变。因此需要做冠脉造影检查了解真实的冠状动脉血管狭窄程度。是否需要放支架可以进行多普勒压力导丝的测定，也叫FFR检查。如果FFR的测定值是小于0.75-0.80，是可以植入支架。如果FFR值在0.8以上，就可以药物保守治疗，不用放支架。您把核素灌注显像的结果发过来看一下。冠脉造影肯定是需要做的。FFR的测定是在冠脉造影检查之后，手术中进行的。看到了，前降支供血区域是有灌注缺血的问题。冠脉造影必须做，它是诊断冠心病的金标准检查。冠心病干预指征：CAG显示：1）冠脉血管狭窄＞70%或75%，需要介入治疗做支架。2）如果血管狭窄＜50%，为冠状动脉粥样硬化，他汀类药物降脂治疗，延缓或逆转其发展为冠心病。3）如果血管狭窄＞或=50%，诊断为冠心病，药物治疗。,你好，非常荣幸能够帮助你。仔细阅读了您的病历资料和检查。不知您是否有胸痛胸闷的症状？冠脉CT检查发现有像水管子生锈一样的动脉粥样硬化，血管轻度狭窄小于50%，没有达到冠心病的程度。只是右冠状动脉开口有点异常，但是血管没有狭窄的问题。如果血管狭窄＜50%，为冠状动脉粥样硬化，像水管子生锈一样。可以他汀类药物降脂治疗，延缓或逆转其发展为冠心病。有瑞舒伐他汀或阿托伐他汀。一、生活方式的改善1）戒烟限酒2）低脂低胆固醇饮食：少吃各种蛋黄、蟹黄、动物内脏、尤鱼墨头鱼、油炸食品、肥肉，甜食等，管住嘴。3）适当运动锻练，减轻体重（尤其过胖者），迈开腿。,你好，非常荣幸能够帮助你。仔细阅读了您的病历资料和检查。目前主要问题是有晕厥1次，而且有高血压的病史。伴有焦虑情况。主要是需要查晕厥、一过性意识丧失的原因。主要要从神经系统和心脏这两方面做检查。神经系统检查需要做头CT或者是核磁，还有脑电图，排除癫痫。必要时需要做脑血管CTA检查，排除脑血管狭窄或痉挛的问题。心脏方面的检查如下：（一）化验检查1）查血常规，排除贫血2）查甲状腺功能，排除甲亢或甲减3）查心肌酶（CK和CK-MB）及肌钙蛋白T或 I（TnT或TnI），排除心肌炎。血压是低压高一些。血压如果低压总是高的话，超过90mmHg就要吃药。如果是高血压，降压治疗，跟年龄没有关系。高血压定义：不同时间3次或3次以上测量血压，大于或等于140/90mmHg，就是高血压。那就好。高血压的危害长期血压高不控制，引起心脑肾、眼底及血管损害，发生脑卒中、冠心病、心肾衰竭等，增加致残和死亡风险。没有。高血压患者注意：一、注意生活方式的改善：1）少盐：每天限盐5-6克以下2）限酒：每天饮白酒＜25克，红酒＜100毫升，啤酒＜300毫升；3）戒烟：吸烟百害而无一利；4）低脂低胆固醇饮食：少吃各种蛋黄、蟹黄、动物内脏、尤鱼墨斗鱼、油炸食品、肥肉，甜食等，管住嘴。5）适当运动锻练，减轻体重（尤其过胖者），迈开腿。6）注意休息，保证睡眠，别熬夜。7）放松心情，减轻压力。二、降压达标低于140/90mmHg,最好低于130/80mmHg；心率＜70次/分。是高血压，就得长期吃药。不会的，它是有心，脑，肾靶器官保护作用，除了降压之外。三、有心悸症状应做的检查心脏检查（二）1.查心电图和24小时动态心电图，了解是否有心律失常或心肌缺血？2.查心脏彩超，了解其结构和功能。3. 查冠脉CTA，了解营养心肌的冠状动脉是否有狭窄或闭塞？排除冠心病。但是测量血压时以休息的时候或运动后休息半小时以上为准的。高血压的定义不是以运动以后的血压为标准的。不客气，你注意生活方式的改善。不要那么紧张，注意休息，不要太劳累了，保证睡眠，心情放松。可以筛查是否有继发性高血压，系统的检查住院。估计还是跟你工作紧张，劳累过度，休息少，睡眠不足有关系。长期处于这种状态，血压就会升高。你测血压的时候注意一下心跳是多少？可以用“倍他受体阻滞剂”，例如倍他乐克。是的，换换工作环境，改变一下紧张的心情也是非常重要的。晚安，祝你早日康复！可以吃“比索洛尔（康忻）或倍他乐克，降心率也降压。尽量坚持吃。心跳增快就会引起心慌气短。以高的那侧为准！没问题，但是胳膊别打弯儿。那就查前列腺抗原。没有，查PSA。没啥事儿。可以做1个头核磁。,你好，非常荣幸能够帮助你。仔细阅读了您的病历资料和检查。目前主要问题是血压界性升高，但还是高的。高血压定义：不同时间3次或3次以上测量血压，大于或等于140/90mmHg，就是高血压。可以不用吃阿司匹林，需要吃降压药。你可以用水银柱的血压表来校正一下。测双上肢的血压，以高的内侧为准。因为你有高血压家族遗传，所以要注意监测血压。高血压患者注意：一、注意生活方式的改善：1）少盐：每天限盐5-6克以下2）限酒：每天饮白酒＜25克，红酒＜100毫升，啤酒＜300毫升；3）戒烟：吸烟百害而无一利；4）低脂低胆固醇饮食：少吃各种蛋黄、蟹黄、动物内脏、尤鱼墨斗鱼、油炸食品、肥肉，甜食等，管住嘴。5）适当运动锻练，减轻体重（尤其过胖者），迈开腿。6）注意休息，保证睡眠，别熬夜。7）放松心情，减轻压力。二、降压达标低于140/90mmHg,最好低于130/80mmHg；心率＜70次/分。三、血压监测1.自测血压：早上起床、上午9-10点、下午3-4点及晚上7-8点，监测血压和心率，并列表做好记录。一百三/八十的血压，还可以观察，先不用吃药。应该吃降压药了。用氯沙坦（50mg1片）每天早上吃1片，1天1次。不用吃阿司匹林。这个降压药的剂量也不大，你就吃着吧！夏天可能血压能正常就不用吃了，但是冬天、秋天和春天都要吃。,高血压患者注意：一、注意生活方式的改善：1）少盐：每天限盐5-6克以下2）限酒：每天饮白酒＜25克，红酒＜100毫升，啤酒＜300毫升；3）戒烟：吸烟百害而无一利；4）低脂低胆固醇饮食：少吃各种蛋黄、蟹黄、动物内脏、尤鱼墨斗鱼、油炸食品、肥肉，甜食等，管住嘴。5）适当运动锻练，减轻体重（尤其过胖者），迈开腿。6）注意休息，保证睡眠，别熬夜。7）放松心情，减轻压力。二、降压达标低于140/90mmHg,最好低于130/80mmHg；心率＜70次/分。三、血压监测1.自测血压：早上起床、上午9-10点、下午3-4点及晚上7-8点，监测血压和心率，并列表做好记录。有利于验证降压是否达标？好的，马上给你回信。降压方案：1替米沙坦（美卡素80mg1片），每天早上吃1片，1天1次；2.吲达帕胺（寿比山2.5mg1片）每天早上吃半片，1天1次。监测血压和心率，看是否达标？还是吃我开的药吧！你可以从京东网上买，买到了再吃。如果还没买到，先可以用本地开的药。那只能监测血压和心率的情况，再调整药物了。你先吃“厄贝沙坦氢氯噻嗪”吧！因为你手头没有其他的药物。好的。血脂胆固醇太高了，低密度脂蛋白胆固醇达5.7。心脏彩超问题倒不是很大。先吃上他汀类降脂“药瑞舒伐他汀（10mg1片），每晚8点吃1片，1天1次。高脂血症患者注意：一、生活方式的改善1）戒烟限酒2）低脂低胆固醇饮食：少吃各种蛋黄、蟹黄、动物内脏、尤鱼墨头鱼、油炸食品、肥肉，甜食等，管住嘴。3）适当运动锻练，减轻体重（尤其过胖者），迈开腿。二、降脂治疗1）降脂达标：LDL-C＜1.8mmol/L,超高危者＜1.4mmol/L；TG＜1.7mmol/L。服药1-2个月后复查血脂、肝功和肌酸激酶，以后每隔半年复查一次这几项指标。主要看降脂是否达标？高脂血症的危害易于患动脉粥样硬化，引起心脑血管疾病，如冠心病，脑梗死等。降压降脂，低脂低胆固醇饮食。运动锻练。不好说，你得做肾动脉CTA和肾上腺CT检查才能排除。以右侧胳膊高的血压为准！中成药效果不行，没有大规模的人群研究。只能吃他汀类的降脂药，如阿托伐他汀（20mg1片）每晚8点吃1片，1天1次。,你好，非常荣幸能够帮助你。仔细阅读了您的病历资料和检查。目前主要问题是突发的晕倒。不知道是否有意识丧失，神志不清的问题。如果有的话，应该叫晕厥。那就是一过性意识丧失晕厥。要做心脏方面和神经系统方面的检查，寻找晕厥的原因。严重，晕厥，相当于死过一回了。心脏方面的检查如下。化验检查1）查血常规，排除贫血2）查甲状腺功能，排除甲亢或甲减3）查心肌酶（CK和CK-MB）及肌钙蛋白T或 I（TnT或TnI），排除心肌炎或心肌梗死。应做的检查1.24小时动态心电图，了解是否有心律失常或心肌缺血？2.查心脏彩超，了解其结构和功能。3.查冠脉造影或冠脉CTA，了解营养心肌的冠状动脉是否有狭窄或闭塞？排除冠心病。还要做头的核磁排除脑梗死。查头颈血管的CTA或MRA，排除脑血管狭窄或痉挛的问题。查脑电图，排除癫痫的问题。可以住院检查来寻找晕厥原因。是的，主要是门诊查这些费用比较高。我可以帮你预约住院，如果病人和家属都同意的话。我现在不负责病房了，但我可以去查房看病人。那跑偏的话就得查，是不是脑子的问题得做脑血管造影。也可是也可能是暂时性脑缺血发作，叫TIA。有这个问题就要重视，不要认为不严重。是的。查头颈血管的CTA或MRA，排除脑血管狭窄或痉挛的问题。是否有低血糖的问题？问题不大，你可以做核磁的造影检查，这个造影剂的剂量小。那就好。当时晕的时候也没有测血糖。噢。感冒咳嗽不至于引起晕倒。好的。可以，1月2号周四上午给加个号疾病名称：。,患者是老年女性，有房颤伴有心室率缓慢，三度房室传导阻滞，从理论上来讲就应该植入单腔起搏器治疗。不是患者是否有头晕乏力的症状？心率慢基本上没有药物能够治疗，只能进行起搏治疗安装起搏器。而且房颤，伴有三度房室传导阻滞，是植入起搏器的绝对适应症。如果能够提高心率的话，可以用中药“宁心宝”，它含有冬虫夏草可能为提高心率。但效果也不是很肯定。另外老人家是持续房颤，应该抗凝治疗。长期的房颤，左心房的左心耳会形成血栓，血栓脱落会造成脑栓塞和动脉系统栓塞，所以要抗凝治疗。参松养心胶囊不用吃，吃宁心宝可以。抗凝的药物可以用“利伐沙班（20mg1片）”每天早上吃半片，每天1次。那就先观察吧！可以加“雷贝拉唑（10mg1片）”，每天早上1次，1次1片。治疗方案如下：1. 宁心宝，提高心率；2.利伐沙班抗凝；3.雷贝拉唑护胃。尽量装起搏器，不同意的话，只能观察了！宁心宝就是营养心肌的。中药和2个西药错开时间吃应该不影响。早餐后吃利伐沙班和雷贝拉唑，9-10点钟再吃宁心宝。可以一起吃。宁心宝按说明书服用就行。吃利伐沙班（拜瑞妥）那不是有雷贝拉唑护胃吗？问题不大。利伐沙班得长期吃抗凝治疗，剂量不大，只吃半片。不会的，宁心宝能增加点心率。需要长期吃。不客气，应该的。还是慢慢做好老太太的思想工作，让她逐渐接受安起搏器。毕竟年纪还不大！,你好，非常荣幸能够帮助你。仔细阅读了您的病历资料和检查。目前主要问题是高血压，尤其是夜间升高。另外你有高脂血症，已经吃阿托伐他汀，降血脂还是挺好的达标。夜间血压升高，有2个原因。第一，就是夜间睡眠不好，交感神经兴奋，血压升高。第二，睡眠打鼾厉害，有呼吸暂停的问题，长期的睡眠呼吸暂停综合症，缺氧也引起交感神经兴奋，血压升高。自己在家测量血压都是多少？不看动态血压的数值。高血压患者注意：一、注意生活方式的改善：1）少盐：每天限盐5-6克以下2）限酒：每天饮白酒＜25克，红酒＜100毫升，啤酒＜300毫升；3）戒烟：吸烟百害而无一利；4）低脂低胆固醇饮食：少吃各种蛋黄、蟹黄、动物内脏、尤鱼墨斗鱼、油炸食品、肥肉，甜食等，管住嘴。5）适当运动，减轻体重（尤其过胖者），迈开腿。6）注意休息，保证睡眠，别熬夜。7）放松心情，减轻压力。二、降压达标低于140/90mmHg,最好低于130/80mmHg；心率＜70次/分。三、血压监测1.自测血压：早上起床、上午9-10点、下午3-4点及晚上7-8点，监测血压和心率，并列表做好记录。有利于验证降压是否达标？早上替米沙坦不变。下午4-5点改吃拜心同（30mg1片），每次1片，每天1次。试一下。停掉氨氯地平。是否有睡眠不好的问题？我给你建议了，拜心同是24小时长效，降压力度强于氨氯地平。另外，必须改善睡眠，否则血压也降不下来。这个不靠谱，你自己有血压表可以量血压，测心跳。,主要问题是预激综合征，引起室上性心动过速。因为心跳太快，引起了你的低血压，造成了一过性意识丧失。所以应该做射频消融术治疗，这个是微创的介入手术，可以根治你的预激综合征。如果是预综合征引起的心跳快，血压低晕厥的话，还是应该做手术。做射频消融术是可以根治你这个病的。,你好，非常荣幸能够帮助你。仔细阅读了您的病历资料和检查。目前主要问题是有痔疮的出血之后的贫血，血红蛋白低约9克多。有活动后心慌乏力的症状，甚至一过性的意识丧失。可能有低血糖和低血压的问题。不知平时是否有高血压和糖尿病的危险因素？因为病人有心慌乏力甚至晕厥，所以要查24小时动态心电图，了解是否有心律失常引起的晕厥？还要排除是不是冠心病，心肌缺血引起的晕厥，应该查冠脉造影或冠脉CT了解营养心肌的冠状动脉是否有狭窄？如果考虑是否有吃东西不好，低血糖的问题，应该查血糖，排除低血糖引起的晕厥。如果不是心律失常，也不是冠心病的问题，有可能是“血管迷走性晕厥”。,好的。查冠脉CTA，了解营养心肌的冠状动脉是否有狭窄或闭塞？排除冠心病。查心脏核磁，排除致心律失常性心肌病。,您好，非常荣幸能够帮助你。仔细阅读了您的病历资料和检查。目前主要问题是心率增快。有心慌心跳的感觉。查心脏彩超和甲状腺功能没问题。肝功能有有一项转氨酶升高，血脂甘油三酯和胆固醇略高1点。应该低胆固醇，低脂饮食，运动减重。呼吸睡眠监测显示有中度的低通气综合症，睡眠呼吸暂停。这种情况是可以引起心跳增快，因为有睡眠的时候缺氧，造成交感神经兴奋性增高。另外要做几项检查。心律失常患者：一、注意生活方式的改善1.忌烟酒茶和咖啡，因其兴奋心脏2.注意休息，改善睡眠，别熬夜3.适当运动，有助于改善睡眠。二、化验检查1）查血常规，排除贫血2）查心肌酶（CK和CK-MB）及肌钙蛋白T或 I（TnT或TnI），排除心肌炎。三、有心悸症状应做的检查1.查心电图或24小时动态心电图，了解是否有心律失常或心肌缺血？冠脉CT没有问题。24小时动态心电图平均心率在79次，还可以。血常规没问题。心肌酶和肌钙蛋白化验了吗？那能排除心肌炎。你是否有睡眠不好的问题？比如说入睡困难，失眠多梦易醒，睡眠质量不好？常见的原因都排除了，那就是因为你睡眠不好引起的心跳增快，另外睡眼有呼吸暂停的问题也可以引起心跳快。解决的办法如下：1.运动锻炼，能够改善睡眠；2.加用改善睡眠的药物，如“唑吡坦”改善入睡（10mg1片），每晚睡前吃半片，1天1次；3.用“比索洛尔（康忻5mg1片）控制心率，每天早上吃1片，1天1次。睡觉的时候尽量不要平躺，要左右侧身睡，减少打鼾引起的呼吸暂停。还是睡眠不好，才感觉心跳快的。又因为心慌，心跳快，影响睡眠更难入睡。药物治疗方案：1. 用“唑吡坦”改善入睡（10mg1片），每晚睡前吃半片，1天1次；2.用“比索洛尔（康忻5mg1片）”控制心率，每天早上吃1片，1天1次。目前就是上述2个因素引起的心跳快。不需要用药，可以过一两个月再复查。你就按我上面说的方案执行吧！我看你主要的问题还是睡眠不好引起的心跳加快。吃倍他洛克也可以，但剂量得大一些。倍他洛克普通平片，需要上下可吃1片。你还是改善睡眠吧！睡眠不好，心跳就快。睡眠不好，心跳快就属于植物神经功能紊乱，意思是一样的。用药：1个是改善睡眠的，另1个是倍他洛克这一类的。中药只能辅助治疗。你睡眠是怎么不好？入睡困难？还是失眠多梦？还是早醒？1. 改善入睡的药用“唑吡坦（10mg1片），每晚睡前吃半片，1天1次；2. 控制心率治疗心慌，用“比索洛尔（康忻5mg1片）每天1次，每次1片。比索洛尔要长期吃，助睡眠的药可以临时吃1次。是通过控制心率降压的，降压没那么大劲儿，可以从半片开始吃，再增至1片。你不是心慌心跳快吗？就得用这个药（康忻）控制心率，它是美国默克公司生产的，最好的倍他受体阻滞剂。睡眠不好，加上有中度的睡眠呼吸暂停综合症，这2个因素引起的心跳加快。睡觉的时候尽量侧身，不要往仰卧，减少打鼾。主要是运动减重，另外要去耳鼻喉科看一下是否有咽部结构的问题？必须戒烟，抽烟多也可以引起心跳增快。吸烟可导致肺部疾病和心血管疾病，都非常有害！注意生活方式的改善：1.忌烟酒茶和咖啡，因其兴奋心脏2.注意休息，改善睡眠，别熬夜3.适当运动，有助于改善睡眠。根本就不是这个原因，别瞎做推拿，伤了颈椎就瘫痪了！头晕需要测血压，看看血压是高还是低？心跳是多少？估计还是没有睡好觉的关系。陪他洛克可以吃到1片，血压低压是偏高的。心率最好在厂70次/分以下。倍他乐克是25mg1片的吗？你先吃上控制心率和血压是最重要，先别想着停。你不是心率快、心慌，所以才吃的。那不得观察着看吗？,你先改为下午吃，观察看看。高血压患者注意：一、注意生活方式的改善：1）少盐：每天限盐5-6克以下2）限酒：每天饮白酒＜25克，红酒＜100毫升，啤酒＜300毫升；3）戒烟：吸烟百害而无一利；4）低脂低胆固醇饮食：少吃各种蛋黄、蟹黄、动物内脏、尤鱼墨斗鱼、油炸食品、肥肉，甜食等，管住嘴。5）适当运动，减轻体重（尤其过胖者），迈开腿。6）注意休息，保证睡眠，别熬夜。7）放松心情，减轻压力。二、降压达标低于140/90mmHg,最好低于130/80mmHg；心率＜70次/分。三、血压监测1.自测血压：早上起床、上午9-10点、下午3-4点及晚上7-8点，监测血压和心率，并列表做好记录。有利于验证降压是否达标？四、降压不忘降脂治疗，防治心脑血管疾病1）降脂达标：LDL-C＜1.8mmol/L,超高危者＜1.4mmol/L；TG＜1.7mmol/L。奥美沙坦改成吃1片看看。睡眠不好要加助眠药。可以用“阿普唑仑”，改善睡眠和焦虑。那就得住院筛查时候有继发性高血压。奥美沙坦直接吃1片吧，别吃半片了！失眠、焦虑引起的血压波动。奥美沙坦是进口的吗？不是，进口的奥美沙坦是日本第一三共的。当然是进口的效果好了。是的。估计是停不了了！可以减量，但停药恐怕不行。黛力新可以减到1天1次，1次1片，试试；阿普唑仑改成每晚睡前吃2片，1天1次。观察看看怎么样？睡好就要休息好，血压就不会高。血压稳定就不会得脑梗心梗。你自己查一下说明书，失眠肯定会引起头晕，头晕的时候要测量血压和心率。,你好，非常荣幸能够帮助你。仔细阅读了您的病历资料和检查。目前主要问题是胸闷，气短和胸痛。已经住院做了一些检查。因为有心前区疼或胸痛，应该排除冠心病。心电图没有心肌缺血，冠脉CT也没有发现冠状动脉血管的狭窄。可以排除冠心病引起的胸闷，胸痛。目前的检查发现你有窦性心动过缓，间歇性2度1型和2度2型房室传导阻滞。可能是心率过慢，传导阻滞引起的你这些症状。应该查24小时，动态心电图了解心律失常的情况。并查甲状腺功能，排除甲状腺功能低下引起的心动过缓。一般来说，如果有2度2型或2度2型以上的传导阻滞是应该装起搏器的。没看到24小时动态心电图的结果，也没看到传导阻滞的心电图。而且诊断上有窦性停搏，再加上传导阻滞，你可能是窦房结和房室结都有问题，这叫“双结病”。你早上发作胸闷，憋气，有可能是这会儿心跳比较慢引起的。心率慢，没有药物治疗的方法，如果太慢了，只能安装起搏器进行起搏治疗。50多次还可以。应该是“宁心宝”里头含有点冬虫夏草，可以增快点儿心率。你还是需要查甲状腺功能，排除甲减的问题。好的。,你好，有问题可以继续咨询我。冠状动脉前降支是否则支架？可以做多普勒导丝（FFR）的检查。如果FFR值小于0.75-0.8，是需要做支架。如果你没有我溃疡病之类的胃口不好，吃药问题不大。另外你的脑血管闭塞，是否需要搭桥治疗，要做脑的灌注ECT显像决定。高玉霞。你好，有问题可以继续咨询我。冠心病患者注意：一、生活方式的改善1）戒烟戒酒：吸烟百害而无一利2）低脂低胆固醇饮食：少吃各种蛋黄、蟹黄、动物内脏、尤鱼墨头鱼、油炸食品、肥肉，甜食等，管住嘴3）适当运动锻练，减轻体重（尤其过胖者），迈开腿4）注意休息，保证睡眠，别熬夜5）放松心情，减轻压力。冠心病降脂治疗：1）用他汀类降脂药延缓或逆转动脉粥样硬化斑块；2）降脂达标LDL-C＜1.8mmol/L,超高危者＜1.4mmol/L；TG＜1.7mmol/L。服他汀类降脂药1-2个月后复查血脂、肝功和肌酸激酶，以后每隔半年复查一次这几项指标。主要看降脂是否达标？胸闷的症状可能还与这个血管狭窄是有关系的。心肌缺血和冠动脉狭窄是一码事儿。是因为您前降支血管狭窄，引起供血区域的缺血，才引起胸闷的症状。有风险，你有胸闷心绞痛的症状，血管有时有75%的狭窄。如果药物治疗病情稳定，胸闷心绞痛症状缓解，可以观察。如果药物治疗无效，胸闷，心绞痛症状加重，那么就需要介入治疗，放支架。可以先用药物治疗观察一下，如果有效，可以先不放支架。如果药物治疗效果不好，再考虑放支架预约医生：。高玉霞。,你好，非常荣幸能够帮助你。仔细阅读了你的病历资料和检查。目前主要问题是发现左心室明显扩大，主动脉瓣的重度关闭不全，同时合并升主动脉窦瘤。应该做更换主动脉瓣治疗。因为升主动脉有增宽，所以光换瓣不行，还要置换增宽的升主动脉，同时更换主动脉瓣。这个手术叫“Bental ”。这个手术是挺大的，肯定有风险。但是不做也不行啊！建议你到北京阜外或安贞医院去做，他们这种手术经验比较多。20-30万元吧。冠脉CT没有冠状动脉的重度狭窄，只是轻中度狭窄。所以不用做冠脉搭桥了。,你好，非常荣幸能够帮助你。仔细阅读了您的病历资料和检查。目前主要问题是，到医院时测量血压升高在家里测量不高。这叫白大衣高血压，因为精神紧张造成。从家测血压看，心率还是偏快的在100次左右。注意休息，别熬夜。不要吃那么咸。当天查体时血压是多少？当时高的时候血压是多少？查体的时候，测血压之前半小舌下含服硝苯地平1片。降血压合格。这是哥舌下含的，根本就不吃。含到舌头底下，通过舌下静脉吸收，不要咽下去。,你好，非常荣幸能够帮助你。仔细阅读了您的病历资料和检查。目前主要问题是有胸闷气短，不知道是否跟活动有关系？2年前诊断冠心病，不知是否做过冠脉造影。心电图有点心肌缺血。建议查：（一）24小时动态心电图，了解是否有心肌缺血？（二）查心脏彩超，了解其结构和功能。（三）查冠脉CTA，了解营养心肌的冠状动脉是否有狭窄或闭塞？排除冠心病。找心内科普通大夫开上述几项检查，可结果再找我看。难受时吃吧！过个元旦再做吧！病情加重随时看急诊。动态心电图，有室性早搏，但是不多。心脏彩超问题不大。还是做冠脉CT吧，可以筛查一下是否有冠心病？未有心慌，心跳感觉。可以先观察。最好做个冠脉CT筛查一下，排除冠心病。,你好，有问题可以继续咨询我。建议控制好血压。多食富含维生素的食物，如蔬菜水果。可以有补充维生素第12日，甲钴胺（0.5mg1片），每次1片，每天3次。高血压一般不致引起口唇麻木。,你好！非常荣幸能够帮助你。仔细阅读了您的病历资料和检查。不客气。目前主要问题是高血压引起的鼻子出血。把硝苯地平缓释片改成控释片叫“拜新同（30mg1片），予替米沙坦一起服用控制血压。耳鼻喉科用球囊压迫鼻腔的小动脉止血。高血压患者注意：一、注意生活方式的改善：1）少盐：每天限盐5-6克以下2）限酒：每天饮白酒＜25克，红酒＜100毫升，啤酒＜300毫升；3）戒烟：吸烟百害而无一利；4）低脂低胆固醇饮食：少吃各种蛋黄、蟹黄、动物内脏、尤鱼墨斗鱼、油炸食品、肥肉，甜食等，管住嘴。5）适当运动，减轻体重（尤其过胖者），迈开腿。6）注意休息，保证睡眠，别熬夜。7）放松心情，减轻压力。二、降压达标低于140/90mmHg,最好低于130/80mmHg；心率＜70次/分。三、血压监测1.自测血压：早上起床、上午9-10点、下午3-4点及晚上7-8点，监测血压和心率，并列表做好记录。有利于验证降压是否达标？长期坚持服用。四、降压不忘降脂治疗，防治心脑血管疾病1）降脂达标：LDL-C＜1.8mmol/L,超高危者＜1.4mmol/L；TG＜1.7mmol/L。血脂高的，肝三脂和胆固醇都高都不达标，而且有颈动脉斑块。可以。需要长期服，降压达标。和治痛风的药分开吃！控释片和替米沙坦可以长期用。,心电图发过来看一下。心电图大致正常。有胸痛或胸闷应做的检查1.抽血化验血常规、心肌酶（CK和CK-MB）及肌钙蛋白T或 I（TnT或TnI），排除心肌梗死2.查心电图或24小时动态心电图，了解是否有心肌缺血？2. 查冠脉造影或冠脉CTA，了解营养心肌的冠状动脉是否有狭窄或闭塞？排除冠心病。注意生活方式的改善1.忌烟酒茶和咖啡，因其兴奋心脏2.注意休息，改善睡眠，别熬夜3.适当运动，有助于改善睡眠。那你再观察看看，别生气，别着急。,1.需要鉴别是阵发房颤还是持续性房颤？2.要抽血化验游离甲功，排除甲亢。3.要查心脏彩超，了解心脏的结构和功能，尤其是左房的大小。4.需要做冠脉造影，排除冠心病。5.要控制房颤心室率，纠正心衰。6.要用抗凝药预防栓塞，而不是阿司匹林。7. 可以做房颤的射频消融术。,你好，非常荣幸能够帮助你仔细阅读了您的病历资料。目前主要是心慌，心跳，再次发作，既往做过室上速的射频,您好，非常荣幸能够帮助您！仔细阅读了您的病历资料。目前主要问题是失眠，尿频和乏力。既往有冠心病做过支,你好，非常荣幸能够帮助你仔细阅读了您的病历资料。目前主要问题是胸闷憋气，尤其是活动以后呼吸困难，气短,晕厥原因待查：需要查脑子和心脏的问题脑子问题：1. 做头颅CT或核磁，排除脑卒中；2. 查头和颈部的,你好，非常荣幸能够帮助你仔细阅读了您的病历资料和检查。目前主要问题是心慌，心跳，伴有失眠。心电图和心,你好，非常荣幸能够帮助你仔细阅读了您的病历资料和检查。目前主要症状是有胸闷，胸痛，应该排除冠心病心绞,注意生活方式的改善1.忌烟酒茶和咖啡，因其兴奋心脏；2.注意休息，改善睡眠，别熬夜；3.适当运动锻练,你好，非常荣幸能够帮助您。仔细阅读了您的病历资料和检查。非常抱歉，这么晚才回复您。目前主要问题是紧张,你好，非常荣幸能够帮助您。既往是一周前持续性房颤，做过射频消融。目前主要问题是血压还高，服用施慧达。,您好，非常荣幸能够帮助你。仔细阅读了您的病历资料和检查。目前主要问题是心慌，心跳，失眠。估计与紧张焦,降压方案如下：1.早上吃缬沙坦1片；2.下午2-3点吃降压零号1片；3.晚上睡前是改善睡眠的药，如“,你好，非常荣幸能够帮助你！也非常抱歉，这么晚才回复你！目前主要问题是到大医院量血压升高，做动态血压也,你好，非常荣幸能帮助你！也非常抱歉，这么晚才回复你。目前主要问题是有高血压，已经排除了继发性高血压。,你好，非常荣幸能够帮助你，也非常抱歉，这么晚才回复你。目前主要问题是胸闷，憋气，伴有咽部不适。建议做,你好，非常荣幸能够帮助您仔细阅读了您的病历资料和检查。目前主要问题是持续性房颤。房颤（AF）的危害1,你好，非常荣幸能够帮助你。仔细阅读了你的病历资料和检查。目前化验主要是心肌酶中“乳酸脱氢酶”升高。不,您好，非常荣幸能够帮助你，也非常抱歉，这么晚才回复你。仔细阅读了您的病历资料和检查。目前主要问题是妊']"
https://doctorwq.haodf.com,"['您好，我是301医院心内科汪奇大夫。心血管疾病准确诊断，早期治疗最重要。为方便帮助您，请将病历及检查结果拍照上传，我会尽快回复您。专家门诊时间：每周二下午，周四上午。通知：感谢您关注我的网络工作室，祝您早日康复，同时也希望能给您带来更多就医的便利！以下有几个温馨提示： 1、在恢复过程中有些小问题，不方便来医院的情况下，建议使用“网络咨询”，请将您的病历信息填写完整，这样我才能最大限度给您最中肯最客观的建议指导。 2、情况紧急的或者想要得到快速解答的患者可以申请“电话咨询”节约时间成本。 3、需要长期随访的患者，可以申请“家庭医生服务”此服务无咨询次数的限制，如病情需要长期咨询和我保持联系的，可以选择此服务，每月两次与我的紧急通话；避免不必要的来回医院奔波劳累。可以发我看一下。普通门诊就可以查，最好到我们医院看。长出气多考虑为植物神经紊乱，可能与失眠或焦虑状态有关。就诊时间：。,你好，房颤病人的血压测量机器测量有可能不准，必要时人工复测以确定是否真的偏低，另外有没有最近的心脏彩超？需要做个24小时动态心电图看一次。好的，不客气！,是否有复查的结果？动态心电图，超声，CT？上传我看一下。倍他乐克可能有这种副作用。需要尽快到心理科评估一下。,右冠闭塞，伴扭曲钙化，左边血管严重钙化，可以尝试开通右冠，准备旋磨治疗。那倒不用，当地复查就可以，满一年最好回来一趟。可以的，先看一下光盘更好。,建议先做一个动态心电图，看不舒服时是否存在心肌缺血。24小时动态心电图，可以拍照发我看一下。不是这个']"
https://zhangningdoc.haodf.com,"['你好，目前频发的室早，不适症状不明显？可以先尝试药物治疗试试看，倍他乐克，过一个月复查动态心电图。药物无效，是否消融可以和医生当面交流手术的具体细节。具体的手术内容还是建议当面交流，发消息不一定说的清楚，目前的检查已经差不多了。,你好，室早的病情是近期出现的，还是一直都有？如果服药前只有1300次，没有症状，可以暂时停药观察症状。多数原因是疲劳等情况，可以适当休息，再复查看。可以。,你好，检查来看是频发室性早搏，药物治疗无效的情况下，建议通过射频消融进行治疗。如果暂时不考虑消融治疗的话，可以服用普罗帕酮试试看。先服用1-2个月看。,你好，针对目前频发房性早搏的情况，建议先考虑药物治疗，可以到医院就诊，由医生开具。按当地医生的建议服药是可以的，倍他乐克一般不对肝功能产生影响，定期复查即可，动态心电图目前就是房早和房速，先从倍他乐克服用开始看效果，服用一个月后复查动态心电图看一下效果。根据症状可以停药，没有依赖，心率变异性不需要关注，代表过度紧张。放松心情，正常作息，注意休息，定期复查。,你好，病人的检查来看，早搏数量时多时少，如果有症状，建议服用药物控制，中药效果不确切，可以采用倍他乐克或者普罗帕酮尝试治疗，室早数量很多的情况下可以考虑通过消融进行治疗，但目前的检查看，数量未达到手术的范围。一般室早数量达到每天1万个左右及以上可以考虑消融手术治疗，这是微创手术，术后休息几天就可以了。,你好，目前室早的数量还是比较多的，1月9号前手术完成，时间相对紧张，最近的手术日期是12月31号，术后休息1周问题也不是很大，如果暂时不想手术也建议服药改善早搏的情况，比如倍他乐克或者心律平。室早手术的成功率是90%，复发率是10-15%，一般术后都会比术前的早搏数量有减少，目前除了消融是根治的手段，药物只可能起到控制的作用，没办法彻底解决问题，手术的难易程度大多都是需要在术中才能最终确定。,来之前做一个24小时动态心电图。,你好，手术时间可以延期，目前我在武汉支援医疗，所以肯定要延后一段时间了，可以在网上联系。,你好，目前有心慌的不适症状么。那可以考虑服用倍他乐克，每天一片，联合抗焦虑药物一起改善症状。这个和倍他乐克一样的服用方法，作用也一样。这个情况不严重，也不需要卧床，放松心情更重要。不客气。可以适当的运动，循序渐进，注意健康的生活方式。可以测量一下血压看，比索洛尔的副作用除了低血压以外不常见。血压有点偏低，不知道是否平时就是这样的血压水平。那比索洛尔先停掉。,倍他乐克和武都力都是早上成绩吃，倍他乐克1片，武都力1片，血压控制不佳，武都力可以增加中午一片。你好，会在约定的时间电话联系，请稍静候消息。您好，应该接到电话通知了吧。你好，请把这张报告的下半页拍给我看。您好，这次检查结果很好，未见异常问题。目前应该不需要服用特别的药物，没什么不舒服可以三个月之后再复查24小时动态心电图。,你好，目前的主要问题是什么？这次食道超声检查后，看到血栓了么？,您好，目前的检查结果来看，建议入院做心脏电生理检查，根据检查评估的结果决定进行何种类型的治疗。目前未,您好，目前的检查情况来看，存在早搏的情况，但并不严重，建议维持健康的生活方式，戒烟，注意休息和观察。,你好，从检查来看，早搏的数量很少，并不严重，你所说的原发病是指什么。你的年龄并不是冠心病的高发年龄，,你好，从检查来看，早搏的数量目前不到1万，对于手术来说，偏少了。室早手术的效果是与室早的频发程度也就']"
https://qianhaiyandr.haodf.com,"['有症状，平板可疑阳性，提示心肌缺血，建议造影明确冠状动脉病变的具体情况。还是建议做个造影…明确诊断后再吃药…,您好…您做支架时的造影有吗…能传上来吗…动态的造影图…您能传动态的吗…？,感谢您的信任，病情资料我已详细阅读。您目前的检查资料不齐全，需要补充以下检查：请上传一下冠脉的检查结,感谢您的信任，病情资料我已详细阅读。根据您现有的资料，建议：一般来讲CT遇到血管钙化时判断管腔狭窄不,您好…您能把造影的动态影像传上来吗…？等钱主任手术完…我让他帮您好好看看造影结果…现在去北京可能还要,您好…您平时运动有什么不适的感觉吗…？血压高了多少年了…？您吸烟吗…父母有心脏病吗…比如放过支架什么,您好…您有动态的造影结果吗…能传上来让钱主任看一下嘛…好的…我会尽快告诉钱主任…让他给您回复的…您上,您好…老人休息和睡眠好吗…食欲不好…老人家胃怎么样…？因为长期吃阿司匹林可能有胃肠道反应…支架术后5,感谢您的信任，病情资料我已详细阅读。您目前的检查资料不齐全，需要补充以下检查：请补充上次支架手术的资,请上传造影的动态视频，才能准确判断冠脉情况。,感谢您的信任，病情资料我已详细阅读。根据您现有的资料，建议：高血脂已引起动脉硬化，须长期服他汀，最好']"
https://zzcyw.haodf.com,"['明天上午在郑东院区门诊。是下午，刚才打错了。办好带过来就行了。,目前什么情况，什么症状，有无检查化验结果？只有一个彩超检查结果，提示心脏扩大，心功能不全，合并糖尿病，病情复杂，最好过来看看。不是几句话的事。,不用吃药！吃了也没事，放松。住院需要转诊手续，不办手续报销受影响。好的。是的，不然有可能不诱发心动过速。3到5天。来得及。具体你得根据医保部分要求！以医保部门要求为准！好像不行，你也得问医保这样行不行。你有时间，提前两三天跟我约床就行。初七。,动态心电图没见明显早搏。按照焦虑治疗就行，好转需要时间。不需要，先治疗焦虑吧。抗焦虑药服用一周以上才,如果房颤发作频繁，症状明显，可以考虑做消融手术。做过封堵一般不影响消融。心率50太慢了，不吃倍他乐克,诊断明确，阵发性房颤，如果发作频繁，可考虑消融手术，成功率80%左右。费用7万多，农合报销一半。心动']"
https://niehonggang.haodf.com,"['手术看情况尽快安排，一般住院时间不长。支架准备5-8w吧。好的。,您好1.血压受很多因素影响，睡眠焦虑改善后多可减少服用降压药物。2.目前血压控制可以，如果怀疑头晕与血压波动有关，暂停替米沙坦，监测两周早晚血压再诊。,您好 看了资料 初步诊断冠心病 心肌梗死 心衰，当地医院考虑心梗是急性的吗？有心电图吗？情况有些糟糕 肯定留有心衰了，不过还是应该积极治疗，亡羊补牢，把损伤减到最少。如果平卧没有呼吸困难，还是应该积极一些。这种心功能很难有搭桥的机会，如果当地治疗困难，可以转院进一步治疗。治愈不可能，亡羊补牢是根本，不积极治疗是最大的风险。破裂理论上有可能，一动不动也可能破裂，担心这个就谈不到下一步治疗了。正规医院正规医生都不会有你期待的承诺的。,您好 看了你的资料，考虑冠心病心绞痛可能性大，建议来住院查冠脉造影看看吧。如果想过来需要准备预约一下,您好！看了你的资料，心脏彩超大致正常，holter有明显改变，目前还不能定论 需要进一步检查。建议查']"
https://lijieljdr.haodf.com,"['有高血压，可以考虑处理肾动脉狭窄，最好把CT发给我看看。,二尖瓣少量反流是正常的，不需要处理，胸闷症状不典型，心电图如果没事就观察就行了，不需要吃药。心电图呢？你一直发的是心脏彩超，未见有心电图。,二尖瓣狭窄导致心房扩大，然后出现房颤，阵发房颤发作时就会有心悸心慌的症状，第一要口服拜瑞妥抗凝，第二可以吃可达龙每天三次控制房颤发作。根治不了，再过几年就可以考虑二尖瓣球囊扩张，然后再过十年就可以考虑二尖瓣换瓣，到时候再一起做房颤迷宫手术，希望到时候能根治，药物治疗只能延缓疾病进展，不能根治开药需求：。拜瑞妥长期吃，可达龙吃一个月后停药改倍他乐克。,先暂停阿司匹林和波立维，待出血止住再加回去。可以，止住血就可以吃阿司匹林和波立维。,超声数据不全，需要到我院重新做彩超评估。应该要预约。要缴费之后才可以预约。需要看超声才行，当地超声没']"
