id,2doctor,,,capacity
D1,https://TanWeifeng1231.haodf.com,,,3
D2,https://Yiluwennuan.haodf.com,,,2
D3,https://chengtieyao.haodf.com,,,4
D4,https://chenyongcq.haodf.com,,,3
D5,https://chexu.haodf.com,,,4
D6,https://doctorlihg.haodf.com,,,4
D7,https://doctormy.haodf.com,,,2
D8,https://doctoryindalong.haodf.com,,,2
D9,https://drliuff.haodf.com,,,2
D10,https://dryanjianjun.haodf.com,,,3
D11,https://dryuanlei.haodf.com,,,1
D12,https://drzhangxiuping015.haodf.com,,,3
D13,https://drzhoujian.haodf.com,,,2
D14,https://gufangmingdr.haodf.com,,,2
D15,https://hdfpenglw.haodf.com,,,7
D16,https://jiangxiaoqing.haodf.com,,,3
D17,https://jinzhongtian.haodf.com,,,2
D18,https://ligang1208.haodf.com,,,2
D19,https://luchongde.haodf.com,,,4
D20,https://luxinlxys.haodf.com,,,3
D21,https://popoyuan77.haodf.com,,,2
D22,https://qilulitao.haodf.com,,,4
D23,https://qinyugang.haodf.com,,,5
D24,https://rjwangjian.haodf.com,,,2
D25,https://shixianjie.haodf.com,,,1
D26,https://sunshinegao.haodf.com,,,1
D27,https://sunyanfu.haodf.com,,,2
D28,https://surgeongaojie.haodf.com,,,14
D29,https://wangdong.haodf.com,,,3
D30,https://xinghanqian.haodf.com,,,8
D31,https://zhangruoyan.haodf.com,,,3
D32,https://zhangyoulei1.haodf.com,,,11
D33,https://zheng021.haodf.com,,,3
D34,https://zhjihong.haodf.com,,,2
D35,https://zsshiguoming.haodf.com,,,2
D36,https://zyxuxiao.haodf.com,,,3
